year,month,ARSON,ASSAULT,BATTERY,BURGLARY,CONCEALED CARRY LICENSE VIOLATION,CRIM SEXUAL ASSAULT,CRIMINAL DAMAGE,CRIMINAL TRESPASS,DECEPTIVE PRACTICE,DOMESTIC VIOLENCE,GAMBLING,HOMICIDE,HUMAN TRAFFICKING,INTERFERENCE WITH PUBLIC OFFICER,INTIMIDATION,KIDNAPPING,LIQUOR LAW VIOLATION,MOTOR VEHICLE THEFT,NARCOTICS,NON - CRIMINAL,NON-CRIMINAL,NON-CRIMINAL (SUBJECT SPECIFIED),OBSCENITY,OFFENSE INVOLVING CHILDREN,OTHER NARCOTIC VIOLATION,OTHER OFFENSE,PROSTITUTION,PUBLIC INDECENCY,PUBLIC PEACE VIOLATION,RITUALISM,ROBBERY,SEX OFFENSE,STALKING,THEFT,WEAPONS VIOLATION
2001,1,67.0,2123.0,6525.0,1934.0,0.0,163.0,3966.0,1191.0,1393.0,1.0,44.0,42.0,0.0,36.0,18.0,75.0,101.0,2095.0,4714.0,0.0,0.0,0.0,2.0,243.0,1.0,2800.0,563.0,0.0,161.0,2.0,1396.0,218.0,26.0,7866.0,337.0
2001,2,57.0,2029.0,6040.0,1666.0,0.0,135.0,3664.0,1063.0,1159.0,0.0,37.0,27.0,0.0,27.0,24.0,57.0,109.0,1785.0,4369.0,0.0,0.0,0.0,1.0,152.0,0.0,2487.0,426.0,1.0,173.0,0.0,1159.0,149.0,13.0,6669.0,301.0
2001,3,93.0,2824.0,7658.0,1832.0,0.0,153.0,4615.0,1141.0,1308.0,0.0,55.0,37.0,0.0,22.0,22.0,72.0,147.0,2151.0,4862.0,0.0,0.0,0.0,2.0,194.0,0.0,2836.0,550.0,0.0,267.0,2.0,1399.0,184.0,17.0,7765.0,344.0
2001,4,89.0,2746.0,8325.0,1931.0,0.0,133.0,4922.0,1133.0,1197.0,0.0,79.0,59.0,0.0,34.0,21.0,49.0,164.0,2119.0,4044.0,0.0,0.0,0.0,2.0,195.0,0.0,2483.0,564.0,1.0,229.0,1.0,1341.0,169.0,29.0,7702.0,321.0
2001,5,94.0,2903.0,8886.0,1997.0,0.0,156.0,4756.0,1067.0,1255.0,0.0,94.0,42.0,0.0,41.0,25.0,56.0,194.0,2197.0,4038.0,0.0,0.0,0.0,1.0,210.0,2.0,2529.0,503.0,1.0,239.0,1.0,1491.0,225.0,11.0,8417.0,390.0
2001,6,87.0,2767.0,8758.0,2087.0,0.0,168.0,4772.0,1087.0,1229.0,0.0,97.0,69.0,0.0,43.0,33.0,119.0,143.0,2278.0,4034.0,0.0,0.0,0.0,1.0,215.0,0.0,2437.0,443.0,1.0,228.0,0.0,1448.0,204.0,19.0,8609.0,349.0
2001,7,124.0,3019.0,9112.0,2499.0,0.0,187.0,5271.0,1046.0,1184.0,0.0,99.0,78.0,0.0,32.0,23.0,107.0,164.0,2569.0,3897.0,0.0,0.0,0.0,2.0,210.0,2.0,2622.0,533.0,0.0,213.0,0.0,1658.0,242.0,16.0,9448.0,336.0
2001,8,87.0,3021.0,8368.0,2451.0,0.0,167.0,5107.0,1122.0,1281.0,0.0,109.0,58.0,0.0,36.0,16.0,88.0,133.0,2341.0,4237.0,0.0,0.0,0.0,2.0,185.0,0.0,2612.0,507.0,2.0,215.0,1.0,1704.0,210.0,13.0,9608.0,351.0
2001,9,72.0,2859.0,8012.0,2393.0,0.0,141.0,4695.0,1176.0,1184.0,0.0,104.0,71.0,0.0,41.0,27.0,91.0,131.0,2514.0,3667.0,0.0,0.0,0.0,2.0,172.0,1.0,2291.0,423.0,1.0,374.0,0.0,1757.0,151.0,11.0,8773.0,370.0
2001,10,100.0,2621.0,8011.0,2664.0,0.0,148.0,5129.0,1142.0,1284.0,0.0,89.0,71.0,0.0,21.0,28.0,59.0,123.0,2899.0,4017.0,0.0,0.0,0.0,1.0,141.0,0.0,2221.0,473.0,1.0,313.0,0.0,1857.0,176.0,14.0,8998.0,427.0
2001,11,65.0,2394.0,7098.0,2444.0,0.0,136.0,4698.0,1092.0,1178.0,0.0,77.0,64.0,0.0,47.0,19.0,74.0,132.0,2378.0,4350.0,0.0,0.0,0.0,3.0,158.0,0.0,2295.0,592.0,1.0,174.0,0.0,1595.0,160.0,17.0,7943.0,413.0
2001,12,75.0,2078.0,6652.0,2113.0,0.0,116.0,4256.0,980.0,1257.0,0.0,50.0,49.0,0.0,26.0,23.0,86.0,96.0,2223.0,4338.0,0.0,0.0,0.0,0.0,171.0,0.0,2044.0,449.0,0.0,164.0,1.0,1636.0,144.0,17.0,7467.0,335.0
2002,1,93.0,2262.0,6700.0,2095.0,0.0,170.0,4221.0,1113.0,1216.0,0.0,50.0,45.0,0.0,36.0,26.0,72.0,113.0,2092.0,4777.0,0.0,0.0,0.0,3.0,277.0,0.0,2809.0,602.0,1.0,186.0,0.0,1471.0,156.0,12.0,7408.0,400.0
2002,2,90.0,2010.0,5826.0,1562.0,0.0,121.0,3761.0,1097.0,1010.0,0.0,48.0,32.0,0.0,25.0,13.0,57.0,82.0,1851.0,4800.0,0.0,0.0,0.0,1.0,151.0,0.0,2724.0,539.0,1.0,177.0,0.0,1139.0,133.0,19.0,6309.0,331.0
2002,3,86.0,2425.0,7305.0,1721.0,0.0,135.0,4461.0,1235.0,1034.0,0.0,66.0,42.0,0.0,30.0,27.0,73.0,120.0,2084.0,4819.0,0.0,0.0,0.0,2.0,204.0,2.0,2946.0,500.0,0.0,208.0,0.0,1301.0,168.0,15.0,7223.0,353.0
2002,4,82.0,2559.0,7727.0,1843.0,0.0,153.0,4796.0,1210.0,1220.0,0.0,78.0,43.0,0.0,30.0,34.0,73.0,137.0,2051.0,4572.0,0.0,0.0,0.0,1.0,200.0,1.0,2999.0,612.0,1.0,183.0,0.0,1373.0,170.0,17.0,7525.0,345.0
2002,5,83.0,3179.0,8907.0,2070.0,0.0,156.0,4880.0,1195.0,1199.0,0.0,77.0,51.0,0.0,30.0,22.0,105.0,128.0,2026.0,4572.0,0.0,0.0,0.0,2.0,208.0,1.0,2869.0,596.0,1.0,227.0,0.0,1395.0,179.0,14.0,8339.0,402.0
2002,6,84.0,3094.0,9520.0,2151.0,0.0,168.0,4962.0,1089.0,1142.0,0.0,121.0,66.0,0.0,32.0,28.0,75.0,156.0,1956.0,3917.0,0.0,0.0,0.0,5.0,247.0,0.0,2744.0,444.0,2.0,266.0,0.0,1527.0,254.0,14.0,8444.0,327.0
2002,7,87.0,3123.0,9806.0,2448.0,0.0,175.0,5413.0,1146.0,1237.0,0.0,123.0,68.0,0.0,36.0,30.0,55.0,117.0,2341.0,4008.0,0.0,0.0,0.0,2.0,247.0,0.0,2674.0,574.0,0.0,246.0,0.0,1804.0,251.0,23.0,9641.0,338.0
2002,8,85.0,2893.0,8540.0,2441.0,0.0,169.0,5103.0,1152.0,1246.0,0.0,124.0,77.0,0.0,18.0,28.0,78.0,91.0,2328.0,4132.0,0.0,0.0,0.0,2.0,226.0,0.0,2615.0,551.0,0.0,210.0,0.0,1941.0,191.0,15.0,9579.0,375.0
2002,9,105.0,3005.0,8644.0,2370.0,0.0,170.0,4953.0,1132.0,1129.0,0.0,117.0,67.0,0.0,39.0,41.0,67.0,111.0,2205.0,3656.0,0.0,0.0,0.0,1.0,207.0,0.0,2367.0,492.0,0.0,210.0,2.0,1719.0,206.0,13.0,8939.0,421.0
2002,10,87.0,2736.0,8041.0,2285.0,0.0,155.0,5160.0,1281.0,1153.0,0.0,80.0,57.0,0.0,35.0,37.0,63.0,124.0,2259.0,4109.0,0.0,0.0,0.0,4.0,219.0,1.0,2869.0,597.0,1.0,243.0,0.0,1785.0,171.0,21.0,9187.0,384.0
2002,11,69.0,2183.0,6619.0,2299.0,0.0,133.0,4116.0,1079.0,1036.0,0.0,45.0,39.0,0.0,28.0,21.0,59.0,120.0,2080.0,4047.0,0.0,0.0,0.0,2.0,204.0,0.0,2462.0,437.0,1.0,158.0,0.0,1541.0,150.0,22.0,7906.0,296.0
2002,12,81.0,2052.0,6516.0,2338.0,0.0,126.0,4114.0,1151.0,1097.0,0.0,42.0,70.0,0.0,22.0,30.0,52.0,115.0,1848.0,4380.0,0.0,0.0,0.0,1.0,191.0,0.0,2521.0,464.0,0.0,143.0,0.0,1526.0,141.0,15.0,7827.0,309.0
2003,1,63.0,2014.0,6128.0,2038.0,0.0,139.0,3793.0,1229.0,1160.0,0.0,36.0,39.0,0.0,40.0,38.0,47.0,124.0,1750.0,4742.0,0.0,0.0,0.0,2.0,303.0,0.0,2881.0,610.0,0.0,165.0,1.0,1324.0,181.0,26.0,7487.0,355.0
2003,2,58.0,1983.0,5687.0,1585.0,0.0,117.0,3430.0,1181.0,1011.0,0.0,37.0,31.0,0.0,24.0,12.0,37.0,124.0,1499.0,4382.0,0.0,0.0,0.0,0.0,201.0,2.0,2560.0,446.0,1.0,186.0,0.0,985.0,151.0,10.0,6496.0,273.0
2003,3,72.0,2446.0,7400.0,1943.0,0.0,119.0,4493.0,1293.0,1100.0,0.0,65.0,52.0,0.0,31.0,33.0,58.0,115.0,1800.0,4289.0,0.0,1.0,0.0,0.0,245.0,0.0,2924.0,452.0,2.0,228.0,0.0,1310.0,146.0,23.0,7643.0,367.0
2003,4,73.0,2450.0,7655.0,2035.0,0.0,121.0,5234.0,1216.0,1157.0,0.0,91.0,57.0,0.0,39.0,31.0,57.0,119.0,1895.0,4311.0,0.0,0.0,0.0,2.0,215.0,0.0,2755.0,488.0,0.0,185.0,0.0,1296.0,156.0,22.0,7794.0,335.0
2003,5,94.0,2851.0,8252.0,2089.0,0.0,145.0,4874.0,1220.0,1164.0,0.0,121.0,59.0,0.0,32.0,34.0,84.0,123.0,1920.0,4419.0,0.0,0.0,0.0,1.0,267.0,0.0,2565.0,519.0,0.0,245.0,0.0,1447.0,184.0,21.0,8102.0,361.0
2003,6,86.0,2619.0,8553.0,2103.0,0.0,149.0,4928.0,1140.0,1115.0,0.0,115.0,52.0,0.0,31.0,28.0,68.0,123.0,1905.0,3984.0,0.0,0.0,0.0,1.0,250.0,0.0,2529.0,483.0,0.0,226.0,0.0,1532.0,201.0,24.0,8199.0,371.0
2003,7,84.0,2793.0,8464.0,2233.0,0.0,135.0,4966.0,1147.0,1131.0,0.0,132.0,68.0,0.0,31.0,30.0,57.0,93.0,2088.0,4079.0,0.0,0.0,0.0,1.0,279.0,0.0,2647.0,563.0,1.0,184.0,0.0,1630.0,219.0,22.0,9994.0,344.0
2003,8,87.0,2822.0,8253.0,2330.0,0.0,186.0,5057.0,1307.0,1146.0,0.0,136.0,48.0,0.0,40.0,28.0,56.0,133.0,2035.0,4732.0,0.0,0.0,0.0,3.0,277.0,0.0,2715.0,563.0,0.0,209.0,0.0,1714.0,188.0,24.0,9846.0,334.0
2003,9,92.0,2706.0,7508.0,2267.0,0.0,133.0,4672.0,1251.0,1098.0,0.0,128.0,51.0,0.0,47.0,33.0,71.0,96.0,2020.0,4829.0,0.0,0.0,0.0,2.0,273.0,0.0,2376.0,570.0,1.0,232.0,0.0,1581.0,180.0,17.0,8830.0,359.0
2003,10,89.0,2580.0,7776.0,2349.0,0.0,130.0,4977.0,1263.0,1146.0,0.0,100.0,53.0,0.0,31.0,50.0,48.0,101.0,1980.0,5821.0,0.0,0.0,0.0,1.0,251.0,0.0,2525.0,580.0,0.0,219.0,0.0,1665.0,199.0,22.0,8924.0,447.0
2003,11,83.0,2154.0,6580.0,2108.0,0.0,132.0,4583.0,1363.0,1073.0,0.0,80.0,51.0,0.0,35.0,27.0,56.0,92.0,1933.0,4703.0,0.0,0.0,0.0,1.0,252.0,0.0,2342.0,415.0,0.0,186.0,1.0,1418.0,156.0,17.0,7868.0,347.0
2003,12,74.0,2059.0,6123.0,2076.0,0.0,94.0,4004.0,1197.0,1155.0,0.0,47.0,43.0,0.0,27.0,20.0,66.0,68.0,1923.0,3997.0,0.0,0.0,0.0,2.0,225.0,0.0,2328.0,525.0,1.0,165.0,0.0,1430.0,113.0,19.0,7692.0,318.0
2004,1,73.0,1959.0,6096.0,1758.0,0.0,155.0,3482.0,1311.0,1140.0,0.0,33.0,29.0,0.0,29.0,29.0,53.0,71.0,1788.0,4759.0,0.0,0.0,0.0,1.0,332.0,1.0,2724.0,539.0,1.0,191.0,0.0,1255.0,141.0,17.0,6773.0,366.0
2004,2,70.0,2064.0,6276.0,1584.0,0.0,120.0,3379.0,1319.0,978.0,0.0,45.0,36.0,0.0,37.0,32.0,53.0,75.0,1664.0,5029.0,0.0,0.0,0.0,0.0,281.0,0.0,2562.0,517.0,1.0,199.0,0.0,1027.0,127.0,21.0,6274.0,296.0
2004,3,67.0,2584.0,7557.0,1875.0,0.0,119.0,4596.0,1494.0,1123.0,0.0,71.0,43.0,0.0,44.0,33.0,50.0,98.0,1908.0,5020.0,0.0,0.0,0.0,3.0,249.0,0.0,2795.0,646.0,1.0,228.0,0.0,1229.0,139.0,25.0,7485.0,373.0
2004,4,57.0,2393.0,7335.0,1887.0,0.0,123.0,4495.0,1377.0,1107.0,0.0,112.0,30.0,0.0,39.0,34.0,45.0,81.0,1936.0,4829.0,0.0,0.0,0.0,2.0,244.0,0.0,2487.0,686.0,3.0,179.0,0.0,1143.0,142.0,21.0,7123.0,359.0
2004,5,67.0,2777.0,8430.0,2014.0,0.0,145.0,4654.0,1337.0,1098.0,0.0,124.0,34.0,0.0,39.0,26.0,38.0,86.0,1968.0,4500.0,0.0,0.0,0.0,1.0,261.0,4.0,2551.0,671.0,0.0,240.0,0.0,1396.0,160.0,12.0,7729.0,417.0
2004,6,68.0,2761.0,8326.0,2131.0,0.0,153.0,4860.0,1289.0,1101.0,0.0,130.0,46.0,0.0,52.0,32.0,33.0,99.0,1975.0,4254.0,0.0,0.0,0.0,0.0,245.0,1.0,2432.0,580.0,1.0,236.0,0.0,1336.0,186.0,15.0,8417.0,375.0
2004,7,87.0,2720.0,8074.0,2324.0,0.0,145.0,4902.0,1277.0,1116.0,0.0,136.0,53.0,0.0,36.0,29.0,35.0,99.0,2029.0,4587.0,0.0,0.0,0.0,0.0,259.0,0.0,2295.0,700.0,0.0,225.0,0.0,1497.0,181.0,17.0,10071.0,344.0
2004,8,63.0,2512.0,7635.0,2276.0,0.0,153.0,4935.0,1290.0,1137.0,0.0,158.0,53.0,0.0,46.0,28.0,23.0,90.0,1983.0,4950.0,0.0,0.0,0.0,1.0,235.0,1.0,2510.0,729.0,1.0,209.0,0.0,1420.0,187.0,18.0,10039.0,362.0
2004,9,61.0,2691.0,7788.0,2230.0,0.0,138.0,4481.0,1308.0,1098.0,0.0,115.0,33.0,0.0,65.0,31.0,31.0,96.0,1877.0,5102.0,0.0,0.0,0.0,1.0,253.0,1.0,2236.0,715.0,0.0,201.0,1.0,1441.0,174.0,13.0,8670.0,362.0
2004,10,53.0,2494.0,7544.0,2169.0,0.0,110.0,4995.0,1358.0,1133.0,0.0,102.0,34.0,0.0,49.0,33.0,39.0,71.0,1930.0,5057.0,0.0,0.0,0.0,1.0,239.0,0.0,2438.0,668.0,0.0,253.0,0.0,1514.0,148.0,20.0,8699.0,372.0
2004,11,61.0,2021.0,6188.0,2204.0,0.0,87.0,4539.0,1314.0,1083.0,0.0,64.0,32.0,0.0,53.0,24.0,35.0,61.0,1851.0,4672.0,0.0,0.0,0.0,0.0,245.0,0.0,2260.0,625.0,1.0,181.0,0.0,1355.0,126.0,23.0,7397.0,339.0
2004,12,51.0,1874.0,5887.0,2112.0,0.0,127.0,3846.0,1239.0,1135.0,0.0,32.0,31.0,0.0,42.0,18.0,47.0,58.0,1896.0,4301.0,0.0,0.0,0.0,3.0,239.0,1.0,2242.0,400.0,0.0,153.0,0.0,1365.0,93.0,13.0,6786.0,332.0
2005,1,37.0,1860.0,5921.0,1817.0,0.0,136.0,3409.0,1453.0,1111.0,0.0,34.0,20.0,0.0,41.0,20.0,26.0,40.0,1779.0,4754.0,0.0,0.0,0.0,0.0,343.0,0.0,2589.0,517.0,0.0,173.0,0.0,1149.0,168.0,9.0,6114.0,342.0
2005,2,44.0,1868.0,5700.0,1492.0,0.0,102.0,3583.0,1335.0,941.0,0.0,35.0,24.0,0.0,43.0,17.0,23.0,82.0,1591.0,4910.0,0.0,0.0,0.0,1.0,191.0,3.0,2300.0,583.0,0.0,168.0,0.0,942.0,120.0,8.0,5592.0,288.0
2005,3,66.0,2214.0,6622.0,1783.0,0.0,117.0,4347.0,1538.0,1097.0,0.0,37.0,37.0,0.0,51.0,21.0,33.0,108.0,1906.0,5111.0,0.0,0.0,0.0,5.0,204.0,0.0,2602.0,578.0,0.0,234.0,0.0,1118.0,132.0,20.0,6570.0,354.0
2005,4,67.0,2467.0,7578.0,1970.0,0.0,107.0,4763.0,1366.0,1123.0,0.0,88.0,36.0,0.0,46.0,26.0,24.0,94.0,1783.0,4939.0,0.0,0.0,0.0,0.0,246.0,0.0,2561.0,558.0,0.0,246.0,0.0,1201.0,137.0,18.0,7041.0,386.0
2005,5,53.0,2626.0,8215.0,2179.0,0.0,120.0,5048.0,1423.0,1106.0,0.0,109.0,43.0,0.0,51.0,20.0,41.0,100.0,1884.0,4841.0,0.0,0.0,0.0,1.0,236.0,1.0,2448.0,544.0,0.0,263.0,0.0,1235.0,169.0,23.0,7276.0,413.0
2005,6,68.0,2629.0,8141.0,2279.0,0.0,150.0,4803.0,1339.0,1194.0,0.0,98.0,50.0,0.0,53.0,26.0,34.0,93.0,1875.0,4433.0,0.0,0.0,0.0,2.0,280.0,0.0,2348.0,560.0,1.0,265.0,0.0,1411.0,165.0,21.0,7408.0,324.0
2005,7,82.0,2554.0,8046.0,2395.0,0.0,159.0,5185.0,1368.0,1189.0,0.0,100.0,58.0,0.0,76.0,27.0,35.0,83.0,1827.0,4575.0,0.0,0.0,0.0,2.0,237.0,0.0,2454.0,438.0,1.0,287.0,0.0,1596.0,184.0,14.0,8492.0,342.0
2005,8,66.0,2492.0,7622.0,2503.0,0.0,150.0,4943.0,1386.0,1205.0,0.0,148.0,53.0,0.0,72.0,24.0,41.0,79.0,1888.0,4796.0,0.0,0.0,0.0,2.0,265.0,2.0,2469.0,505.0,0.0,253.0,2.0,1523.0,182.0,22.0,8458.0,392.0
2005,9,61.0,2504.0,7520.0,2446.0,0.0,156.0,4793.0,1431.0,1171.0,0.0,125.0,32.0,0.0,57.0,17.0,28.0,94.0,1850.0,4642.0,0.0,0.0,0.0,2.0,243.0,3.0,2117.0,505.0,0.0,241.0,0.0,1466.0,198.0,21.0,7582.0,318.0
2005,10,50.0,2291.0,7161.0,2468.0,0.0,140.0,5358.0,1371.0,1174.0,0.0,195.0,41.0,0.0,46.0,21.0,30.0,88.0,2149.0,4550.0,0.0,0.0,0.0,2.0,227.0,0.0,2136.0,458.0,0.0,240.0,0.0,1491.0,136.0,11.0,7746.0,381.0
2005,11,60.0,1844.0,5965.0,2197.0,0.0,115.0,4795.0,1333.0,1123.0,0.0,81.0,29.0,0.0,40.0,23.0,35.0,79.0,1938.0,4409.0,0.0,0.0,0.0,1.0,193.0,0.0,2034.0,511.0,2.0,202.0,0.0,1462.0,117.0,12.0,7076.0,301.0
2005,12,37.0,1717.0,5473.0,1974.0,0.0,101.0,3521.0,1312.0,1140.0,0.0,28.0,30.0,0.0,39.0,16.0,39.0,65.0,2027.0,4274.0,0.0,0.0,0.0,1.0,221.0,0.0,1970.0,367.0,0.0,158.0,0.0,1453.0,99.0,13.0,6329.0,265.0
2006,1,46.0,1959.0,5962.0,2016.0,0.0,129.0,4688.0,1333.0,1141.0,0.0,39.0,29.0,0.0,52.0,31.0,32.0,100.0,2096.0,4707.0,0.0,0.0,0.0,2.0,320.0,2.0,2323.0,626.0,0.0,197.0,0.0,1301.0,131.0,20.0,7125.0,348.0
2006,2,45.0,1794.0,5397.0,1582.0,0.0,89.0,4028.0,1216.0,911.0,0.0,38.0,17.0,0.0,38.0,16.0,30.0,84.0,1712.0,4215.0,0.0,0.0,0.0,3.0,195.0,1.0,2184.0,545.0,2.0,179.0,1.0,1034.0,113.0,12.0,5565.0,253.0
2006,3,65.0,2180.0,6879.0,1871.0,0.0,112.0,4661.0,1288.0,1143.0,0.0,58.0,34.0,0.0,76.0,17.0,33.0,105.0,1869.0,4658.0,0.0,0.0,0.0,3.0,234.0,2.0,2344.0,712.0,0.0,272.0,1.0,1136.0,121.0,18.0,6816.0,276.0
2006,4,63.0,2182.0,7036.0,1702.0,0.0,125.0,4763.0,1156.0,1038.0,0.0,114.0,37.0,0.0,63.0,23.0,31.0,114.0,1733.0,4634.0,0.0,0.0,0.0,1.0,176.0,1.0,2256.0,628.0,0.0,227.0,0.0,1189.0,135.0,20.0,6724.0,305.0
2006,5,65.0,2509.0,7756.0,2186.0,0.0,138.0,4828.0,1222.0,1116.0,0.0,168.0,42.0,0.0,60.0,25.0,36.0,78.0,1946.0,4913.0,0.0,0.0,0.0,1.0,242.0,0.0,2326.0,625.0,0.0,315.0,0.0,1311.0,143.0,14.0,7235.0,315.0
2006,6,76.0,2311.0,7390.0,1994.0,0.0,116.0,4913.0,1144.0,1167.0,0.0,185.0,45.0,0.0,74.0,15.0,34.0,124.0,1975.0,4665.0,0.0,0.0,0.0,0.0,237.0,1.0,2205.0,597.0,0.0,291.0,0.0,1338.0,163.0,22.0,7456.0,276.0
2006,7,70.0,2510.0,7947.0,2275.0,0.0,182.0,5253.0,1222.0,1156.0,0.0,169.0,66.0,0.0,80.0,25.0,30.0,95.0,1931.0,4701.0,0.0,0.0,0.0,2.0,246.0,1.0,2452.0,512.0,0.0,276.0,1.0,1466.0,157.0,13.0,8369.0,342.0
2006,8,53.0,2338.0,6884.0,2235.0,0.0,114.0,5402.0,1237.0,1249.0,0.0,202.0,32.0,0.0,65.0,34.0,18.0,107.0,1976.0,4955.0,0.0,0.0,0.0,2.0,234.0,0.0,2267.0,634.0,0.0,237.0,0.0,1442.0,150.0,8.0,8236.0,385.0
2006,9,61.0,2193.0,6739.0,2103.0,0.0,136.0,4808.0,1174.0,1120.0,0.0,183.0,57.0,0.0,73.0,27.0,22.0,99.0,1682.0,4712.0,0.0,0.0,0.0,1.0,214.0,0.0,2142.0,515.0,0.0,280.0,0.0,1391.0,148.0,16.0,7508.0,368.0
2006,10,53.0,2138.0,6769.0,2280.0,0.0,136.0,5094.0,1269.0,1230.0,0.0,101.0,41.0,0.0,71.0,23.0,31.0,89.0,1700.0,4617.0,0.0,0.0,0.0,1.0,225.0,0.0,2325.0,594.0,0.0,302.0,3.0,1560.0,118.0,15.0,7512.0,364.0
2006,11,71.0,1908.0,6090.0,1990.0,0.0,94.0,4545.0,1139.0,1175.0,0.0,74.0,43.0,0.0,60.0,19.0,21.0,78.0,1601.0,4598.0,0.0,0.0,0.0,1.0,211.0,0.0,2139.0,642.0,1.0,264.0,0.0,1404.0,93.0,15.0,6971.0,322.0
2006,12,58.0,1923.0,5817.0,2090.0,0.0,104.0,4141.0,1105.0,1148.0,0.0,37.0,33.0,0.0,46.0,21.0,21.0,62.0,1597.0,4438.0,0.0,0.0,0.0,0.0,228.0,1.0,2138.0,404.0,1.0,228.0,1.0,1396.0,99.0,13.0,6723.0,267.0
2007,1,51.0,1722.0,5584.0,1845.0,0.0,151.0,3890.0,1304.0,1172.0,0.0,36.0,26.0,0.0,45.0,16.0,31.0,104.0,1559.0,4908.0,0.0,0.0,0.0,1.0,304.0,1.0,2299.0,572.0,0.0,215.0,0.0,1128.0,129.0,17.0,6632.0,363.0
2007,2,26.0,1555.0,4872.0,1339.0,0.0,95.0,2758.0,987.0,888.0,0.0,21.0,22.0,0.0,41.0,21.0,21.0,77.0,1318.0,4250.0,0.0,0.0,0.0,1.0,174.0,2.0,2007.0,545.0,0.0,208.0,0.0,779.0,92.0,11.0,4829.0,197.0
2007,3,72.0,2297.0,6885.0,1757.0,0.0,116.0,4545.0,1175.0,1197.0,0.0,78.0,41.0,0.0,61.0,26.0,35.0,116.0,1484.0,4906.0,0.0,0.0,0.0,0.0,252.0,1.0,2419.0,510.0,0.0,303.0,0.0,1065.0,130.0,16.0,6545.0,318.0
2007,4,52.0,2145.0,6606.0,1867.0,0.0,141.0,4589.0,1115.0,1106.0,0.0,101.0,36.0,0.0,65.0,19.0,30.0,90.0,1464.0,4659.0,0.0,0.0,0.0,3.0,260.0,0.0,2347.0,483.0,1.0,296.0,0.0,1149.0,120.0,11.0,6611.0,268.0
2007,5,70.0,2732.0,7871.0,2233.0,0.0,135.0,5142.0,1297.0,1176.0,0.0,176.0,34.0,0.0,57.0,37.0,28.0,117.0,1600.0,4561.0,0.0,0.0,0.0,1.0,264.0,1.0,2333.0,562.0,0.0,353.0,0.0,1345.0,164.0,26.0,7445.0,328.0
2007,6,82.0,2415.0,7763.0,2174.0,0.0,144.0,4699.0,1122.0,1224.0,0.0,212.0,47.0,0.0,59.0,18.0,27.0,118.0,1639.0,4476.0,0.0,0.0,0.0,0.0,238.0,0.0,2250.0,517.0,0.0,310.0,0.0,1365.0,169.0,13.0,7613.0,301.0
2007,7,86.0,2566.0,7723.0,2270.0,0.0,147.0,5057.0,1193.0,1286.0,0.0,197.0,44.0,0.0,82.0,22.0,25.0,99.0,1611.0,4811.0,0.0,0.0,0.0,0.0,201.0,6.0,2325.0,500.0,1.0,294.0,0.0,1498.0,161.0,20.0,8445.0,319.0
2007,8,53.0,2365.0,7015.0,2378.0,0.0,130.0,5007.0,1258.0,1338.0,0.0,204.0,47.0,0.0,52.0,19.0,23.0,110.0,1656.0,4767.0,0.0,0.0,0.0,1.0,288.0,0.0,2370.0,509.0,1.0,244.0,0.0,1419.0,130.0,29.0,8126.0,310.0
2007,9,60.0,2452.0,7265.0,2248.0,0.0,149.0,4668.0,1112.0,1161.0,0.0,171.0,50.0,0.0,61.0,25.0,30.0,105.0,1532.0,4606.0,0.0,0.0,0.0,0.0,234.0,1.0,2217.0,561.0,1.0,333.0,0.0,1384.0,130.0,15.0,7372.0,322.0
2007,10,54.0,2421.0,7009.0,2385.0,0.0,125.0,5325.0,1181.0,1141.0,0.0,119.0,38.0,0.0,70.0,21.0,21.0,92.0,1709.0,4476.0,0.0,0.0,0.0,1.0,232.0,0.0,2367.0,570.0,0.0,303.0,0.0,1433.0,124.0,24.0,8005.0,345.0
2007,11,58.0,1899.0,5592.0,2323.0,0.0,112.0,4528.0,982.0,1189.0,0.0,67.0,29.0,0.0,46.0,17.0,32.0,91.0,1442.0,4290.0,0.0,0.0,0.0,1.0,223.0,0.0,2014.0,431.0,1.0,240.0,0.0,1485.0,89.0,22.0,6969.0,251.0
2007,12,48.0,1744.0,5407.0,2039.0,0.0,106.0,3541.0,973.0,1275.0,0.0,27.0,34.0,0.0,38.0,14.0,26.0,51.0,1559.0,3744.0,0.0,0.0,0.0,2.0,226.0,0.0,1915.0,327.0,0.0,216.0,1.0,1400.0,91.0,9.0,6564.0,232.0
2008,1,42.0,1754.0,5491.0,1894.0,0.0,142.0,3858.0,1082.0,1240.0,0.0,23.0,34.0,0.0,32.0,16.0,30.0,70.0,1472.0,4127.0,0.0,0.0,0.0,2.0,283.0,0.0,2401.0,500.0,0.0,198.0,0.0,1269.0,130.0,17.0,6949.0,312.0
2008,2,39.0,1762.0,5243.0,1560.0,0.0,97.0,3132.0,904.0,1067.0,0.0,20.0,20.0,0.0,32.0,18.0,33.0,64.0,1266.0,3906.0,0.0,0.0,0.0,0.0,188.0,0.0,2238.0,450.0,1.0,199.0,0.0,959.0,92.0,21.0,5531.0,205.0
2008,3,55.0,2043.0,6209.0,1749.0,0.0,115.0,4288.0,989.0,1141.0,0.0,51.0,33.0,0.0,39.0,20.0,28.0,90.0,1667.0,4065.0,0.0,0.0,0.0,2.0,204.0,0.0,2328.0,429.0,0.0,261.0,0.0,1235.0,109.0,11.0,6505.0,311.0
2008,4,53.0,2444.0,6727.0,1926.0,0.0,116.0,4419.0,1054.0,1277.0,0.0,104.0,47.0,0.0,52.0,29.0,33.0,87.0,1456.0,3671.0,0.0,0.0,0.0,0.0,191.0,3.0,2363.0,427.0,0.0,280.0,0.0,1217.0,122.0,13.0,7157.0,325.0
2008,5,62.0,2508.0,7445.0,2260.0,0.0,112.0,4979.0,998.0,1279.0,0.0,155.0,42.0,0.0,54.0,31.0,35.0,97.0,1573.0,3825.0,0.0,0.0,0.0,1.0,225.0,3.0,2302.0,415.0,0.0,296.0,0.0,1367.0,134.0,18.0,7495.0,352.0
2008,6,69.0,2434.0,7503.0,2159.0,0.0,147.0,4850.0,933.0,1269.0,0.0,164.0,52.0,0.0,52.0,25.0,29.0,96.0,1657.0,3573.0,0.0,0.0,0.0,1.0,211.0,0.0,2216.0,348.0,0.0,246.0,0.0,1337.0,155.0,18.0,7854.0,300.0
2008,7,57.0,2430.0,7337.0,2582.0,0.0,142.0,5094.0,1097.0,1306.0,0.0,156.0,62.0,0.0,63.0,29.0,34.0,95.0,2015.0,4001.0,0.0,0.0,0.0,1.0,216.0,0.0,2377.0,402.0,0.0,286.0,0.0,1486.0,164.0,21.0,8651.0,387.0
2008,8,68.0,2399.0,7150.0,2397.0,0.0,162.0,5105.0,1117.0,1325.0,0.0,223.0,48.0,0.0,60.0,18.0,20.0,72.0,1952.0,4488.0,0.0,0.0,0.0,2.0,248.0,3.0,2311.0,482.0,1.0,299.0,0.0,1561.0,134.0,15.0,8501.0,379.0
2008,9,60.0,2259.0,6571.0,2473.0,0.0,156.0,4422.0,1089.0,1248.0,0.0,148.0,55.0,0.0,58.0,21.0,30.0,73.0,1684.0,3864.0,0.0,0.0,0.0,4.0,232.0,1.0,2052.0,470.0,1.0,271.0,0.0,1622.0,131.0,20.0,8077.0,353.0
2008,10,58.0,2148.0,6133.0,2631.0,0.0,125.0,4838.0,1169.0,1312.0,0.0,102.0,50.0,0.0,64.0,21.0,31.0,83.0,1491.0,3994.0,0.0,0.0,0.0,0.0,205.0,1.0,2136.0,506.0,0.0,284.0,0.0,1717.0,106.0,17.0,8260.0,405.0
2008,11,49.0,1734.0,5436.0,2347.0,0.0,135.0,4361.0,1005.0,1198.0,0.0,40.0,40.0,0.0,49.0,24.0,24.0,55.0,1314.0,3857.0,0.0,0.0,0.0,0.0,196.0,1.0,2008.0,422.0,1.0,212.0,0.0,1505.0,115.0,10.0,7116.0,305.0
2008,12,32.0,1532.0,4678.0,2240.0,0.0,91.0,3495.0,873.0,1244.0,0.0,13.0,30.0,0.0,25.0,9.0,32.0,30.0,1334.0,3136.0,0.0,0.0,0.0,0.0,230.0,0.0,1801.0,290.0,0.0,181.0,0.0,1428.0,101.0,9.0,6337.0,243.0
2009,1,36.0,1685.0,5037.0,1777.0,0.0,138.0,3224.0,981.0,1236.0,0.0,12.0,25.0,0.0,42.0,21.0,25.0,55.0,1232.0,3782.0,0.0,0.0,0.0,3.0,317.0,0.0,2257.0,411.0,1.0,197.0,0.0,1280.0,96.0,12.0,6047.0,322.0
2009,2,45.0,1648.0,4961.0,1552.0,0.0,109.0,3239.0,827.0,1069.0,0.0,26.0,25.0,0.0,55.0,23.0,26.0,70.0,1125.0,3657.0,0.0,1.0,0.0,1.0,214.0,0.0,2126.0,366.0,0.0,211.0,0.0,978.0,93.0,19.0,5516.0,251.0
2009,3,69.0,2062.0,6211.0,1912.0,0.0,129.0,4131.0,1047.0,1242.0,0.0,64.0,20.0,0.0,55.0,23.0,18.0,80.0,1219.0,3938.0,0.0,0.0,0.0,3.0,209.0,1.0,2374.0,411.0,1.0,288.0,0.0,1199.0,112.0,20.0,6550.0,300.0
2009,4,51.0,2048.0,5862.0,2056.0,0.0,106.0,4099.0,967.0,1158.0,0.0,69.0,40.0,0.0,37.0,11.0,21.0,72.0,1138.0,3578.0,0.0,0.0,0.0,1.0,222.0,0.0,2278.0,298.0,0.0,246.0,0.0,1205.0,95.0,8.0,6555.0,346.0
2009,5,55.0,2222.0,6826.0,2196.0,0.0,124.0,4476.0,1008.0,1123.0,0.0,116.0,47.0,0.0,57.0,25.0,21.0,67.0,1160.0,3665.0,0.0,0.0,0.0,1.0,216.0,2.0,2214.0,355.0,0.0,313.0,0.0,1408.0,118.0,14.0,6997.0,419.0
2009,6,53.0,2120.0,6552.0,2333.0,0.0,113.0,4342.0,881.0,1248.0,0.0,119.0,45.0,0.0,35.0,15.0,24.0,57.0,1212.0,3471.0,0.0,0.0,0.0,1.0,236.0,1.0,2154.0,325.0,1.0,275.0,0.0,1387.0,106.0,23.0,6775.0,368.0
2009,7,61.0,2097.0,6244.0,2508.0,0.0,139.0,4546.0,880.0,1121.0,0.0,158.0,57.0,0.0,48.0,15.0,25.0,68.0,1329.0,3522.0,0.0,0.0,0.0,1.0,187.0,1.0,2138.0,263.0,0.0,277.0,0.0,1613.0,144.0,13.0,7831.0,389.0
2009,8,56.0,2052.0,6181.0,2660.0,0.0,133.0,4427.0,892.0,1116.0,0.0,171.0,48.0,0.0,63.0,18.0,17.0,68.0,1336.0,3849.0,0.0,0.0,0.0,0.0,208.0,1.0,2166.0,321.0,4.0,266.0,0.0,1485.0,130.0,12.0,7733.0,416.0
2009,9,50.0,2015.0,5789.0,2529.0,0.0,133.0,3934.0,872.0,1117.0,0.0,131.0,43.0,0.0,64.0,28.0,29.0,53.0,1334.0,3730.0,0.0,0.0,0.0,0.0,210.0,0.0,1984.0,326.0,2.0,315.0,0.0,1349.0,113.0,17.0,7306.0,398.0
2009,10,46.0,1815.0,5238.0,2519.0,0.0,109.0,4255.0,891.0,1182.0,0.0,55.0,37.0,0.0,48.0,22.0,27.0,68.0,1447.0,3694.0,0.0,0.0,0.0,4.0,175.0,0.0,2188.0,352.0,1.0,327.0,0.0,1405.0,95.0,13.0,7151.0,370.0
2009,11,52.0,1644.0,5067.0,2401.0,0.0,102.0,4016.0,839.0,1097.0,0.0,58.0,37.0,0.0,36.0,15.0,34.0,59.0,1411.0,3565.0,0.0,0.0,0.0,4.0,189.0,0.0,1939.0,270.0,0.0,245.0,0.0,1342.0,84.0,7.0,6550.0,327.0
2009,12,42.0,1453.0,4494.0,2324.0,0.0,100.0,3035.0,766.0,1144.0,0.0,12.0,36.0,0.0,33.0,15.0,26.0,29.0,1539.0,3091.0,0.0,0.0,0.0,2.0,208.0,1.0,1783.0,242.0,0.0,187.0,0.0,1329.0,70.0,10.0,5964.0,252.0
2010,1,45.0,1486.0,4667.0,1957.0,0.0,139.0,2800.0,925.0,1102.0,0.0,12.0,22.0,0.0,50.0,23.0,32.0,58.0,1512.0,3816.0,0.0,0.0,0.0,1.0,293.0,0.0,1989.0,278.0,0.0,289.0,0.0,1221.0,100.0,17.0,6075.0,315.0
2010,2,27.0,1435.0,4252.0,1479.0,0.0,81.0,2452.0,759.0,983.0,0.0,22.0,22.0,0.0,55.0,12.0,29.0,62.0,1077.0,3983.0,0.0,0.0,0.0,4.0,185.0,0.0,1757.0,203.0,0.0,230.0,0.0,722.0,62.0,12.0,4803.0,238.0
2010,3,49.0,1901.0,6028.0,1988.0,0.0,128.0,3760.0,919.0,1103.0,0.0,48.0,31.0,0.0,68.0,21.0,34.0,68.0,1349.0,4395.0,0.0,0.0,0.0,2.0,230.0,1.0,2047.0,268.0,1.0,358.0,0.0,1003.0,89.0,10.0,6094.0,343.0
2010,4,37.0,1970.0,5865.0,1994.0,0.0,105.0,3853.0,758.0,1116.0,0.0,107.0,46.0,0.0,67.0,23.0,30.0,85.0,1455.0,3787.0,0.0,0.0,0.0,3.0,219.0,1.0,1936.0,181.0,0.0,319.0,0.0,1121.0,82.0,20.0,6135.0,355.0
2010,5,44.0,2087.0,6409.0,2248.0,0.0,132.0,3807.0,790.0,989.0,0.0,115.0,46.0,0.0,73.0,15.0,37.0,63.0,1692.0,3668.0,0.0,0.0,0.0,3.0,239.0,0.0,1992.0,202.0,1.0,342.0,0.0,1187.0,111.0,17.0,6722.0,373.0
2010,6,55.0,2034.0,6332.0,2256.0,0.0,122.0,3586.0,753.0,1083.0,0.0,98.0,49.0,0.0,81.0,26.0,21.0,80.0,1513.0,3345.0,0.0,0.0,0.0,4.0,197.0,1.0,1930.0,224.0,1.0,333.0,0.0,1226.0,111.0,21.0,6912.0,321.0
2010,7,51.0,2054.0,6310.0,2331.0,0.0,124.0,3742.0,769.0,1154.0,0.0,143.0,42.0,0.0,77.0,15.0,21.0,69.0,1572.0,3517.0,0.0,1.0,0.0,5.0,212.0,1.0,1886.0,173.0,0.0,282.0,0.0,1321.0,103.0,16.0,7194.0,326.0
2010,8,48.0,2016.0,6057.0,2707.0,0.0,123.0,3748.0,828.0,1073.0,0.0,137.0,57.0,0.0,79.0,15.0,22.0,59.0,1681.0,3669.0,0.0,0.0,0.0,0.0,232.0,1.0,1816.0,212.0,1.0,309.0,0.0,1316.0,123.0,13.0,7489.0,322.0
2010,9,41.0,1878.0,5362.0,2435.0,0.0,117.0,3469.0,773.0,1048.0,0.0,119.0,31.0,0.0,75.0,16.0,23.0,57.0,1765.0,3615.0,0.0,0.0,0.0,3.0,193.0,0.0,1659.0,172.0,1.0,328.0,0.0,1258.0,102.0,18.0,6977.0,355.0
2010,10,66.0,1841.0,5414.0,2486.0,0.0,126.0,3727.0,797.0,982.0,0.0,83.0,36.0,0.0,71.0,14.0,26.0,61.0,1786.0,3518.0,0.0,0.0,0.0,4.0,174.0,0.0,1852.0,178.0,1.0,322.0,0.0,1463.0,108.0,12.0,6908.0,337.0
2010,11,33.0,1566.0,4649.0,2415.0,0.0,84.0,3311.0,744.0,877.0,0.0,34.0,33.0,1.0,58.0,12.0,23.0,53.0,1747.0,3300.0,0.0,0.0,0.0,3.0,197.0,1.0,1602.0,205.0,0.0,251.0,0.0,1266.0,69.0,19.0,6088.0,245.0
2010,12,26.0,1268.0,4058.0,2126.0,0.0,89.0,2398.0,586.0,1019.0,0.0,9.0,23.0,0.0,43.0,5.0,15.0,21.0,1880.0,2780.0,0.0,0.0,0.0,2.0,201.0,0.0,1546.0,189.0,1.0,175.0,0.0,1170.0,65.0,14.0,5359.0,174.0
2011,1,40.0,1390.0,4434.0,1954.0,0.0,142.0,2638.0,722.0,970.0,0.0,10.0,28.0,0.0,60.0,10.0,19.0,56.0,1862.0,3454.0,0.0,0.0,0.0,3.0,245.0,0.0,1826.0,242.0,0.0,197.0,0.0,1105.0,101.0,13.0,5419.0,266.0
2011,2,22.0,1284.0,3767.0,1427.0,0.0,111.0,2398.0,612.0,792.0,0.0,10.0,24.0,0.0,55.0,16.0,17.0,37.0,1295.0,2894.0,0.0,0.0,0.0,5.0,155.0,0.0,1510.0,202.0,0.0,194.0,0.0,757.0,66.0,9.0,4368.0,205.0
2011,3,50.0,1666.0,5176.0,1837.0,0.0,101.0,2970.0,759.0,1019.0,0.0,21.0,23.0,0.0,61.0,16.0,16.0,45.0,1641.0,3754.0,0.0,0.0,0.0,5.0,205.0,0.0,1900.0,201.0,0.0,272.0,0.0,955.0,73.0,17.0,5639.0,275.0
2011,4,60.0,1793.0,5091.0,2044.0,0.0,111.0,3353.0,714.0,986.0,0.0,51.0,30.0,0.0,62.0,8.0,28.0,67.0,1702.0,3194.0,0.0,0.0,0.0,4.0,215.0,0.0,1881.0,150.0,0.0,270.0,0.0,1008.0,81.0,18.0,5868.0,314.0
2011,5,48.0,1952.0,5796.0,2469.0,0.0,141.0,3438.0,782.0,1111.0,0.0,70.0,38.0,0.0,85.0,15.0,22.0,53.0,1807.0,3044.0,0.0,0.0,0.0,3.0,216.0,0.0,1678.0,136.0,1.0,326.0,0.0,1247.0,107.0,16.0,6609.0,377.0
2011,6,37.0,1967.0,5887.0,2415.0,0.0,141.0,3483.0,779.0,1063.0,0.0,106.0,45.0,0.0,93.0,14.0,30.0,59.0,1807.0,3179.0,0.0,0.0,0.0,4.0,222.0,0.0,1773.0,172.0,3.0,318.0,0.0,1180.0,103.0,13.0,7027.0,392.0
2011,7,47.0,2028.0,6231.0,2398.0,0.0,130.0,3593.0,770.0,987.0,0.0,133.0,55.0,0.0,124.0,18.0,23.0,67.0,1761.0,3339.0,0.0,0.0,0.0,3.0,207.0,1.0,1710.0,186.0,0.0,296.0,0.0,1279.0,118.0,15.0,7359.0,377.0
2011,8,43.0,1958.0,5433.0,2613.0,0.0,126.0,3311.0,793.0,1121.0,0.0,129.0,36.0,0.0,129.0,16.0,18.0,68.0,1576.0,3528.0,0.0,0.0,0.0,0.0,159.0,0.0,1760.0,283.0,4.0,260.0,0.0,1330.0,101.0,19.0,7413.0,360.0
2011,9,40.0,1801.0,4773.0,2514.0,0.0,131.0,3052.0,742.0,1204.0,0.0,97.0,40.0,0.0,110.0,17.0,18.0,50.0,1436.0,3279.0,0.0,0.0,0.0,5.0,191.0,1.0,1526.0,250.0,1.0,295.0,0.0,1278.0,94.0,14.0,6632.0,343.0
2011,10,44.0,1708.0,5069.0,2460.0,0.0,138.0,3286.0,746.0,1212.0,0.0,66.0,44.0,0.0,93.0,18.0,24.0,56.0,1488.0,2980.0,0.0,0.0,0.0,4.0,184.0,2.0,1638.0,207.0,1.0,258.0,0.0,1401.0,81.0,16.0,6674.0,376.0
2011,11,37.0,1455.0,4363.0,2293.0,0.0,109.0,2990.0,622.0,1093.0,0.0,28.0,37.0,0.0,93.0,10.0,27.0,32.0,1509.0,3039.0,0.0,0.0,0.0,3.0,157.0,1.0,1587.0,204.0,2.0,208.0,0.0,1215.0,85.0,16.0,6139.0,284.0
2011,12,36.0,1409.0,4438.0,2196.0,0.0,108.0,2820.0,618.0,1132.0,0.0,15.0,38.0,0.0,83.0,13.0,24.0,29.0,1504.0,2921.0,0.0,0.0,0.0,1.0,215.0,0.0,1403.0,191.0,1.0,201.0,0.0,1228.0,70.0,15.0,6002.0,311.0
2012,1,39.0,1294.0,4309.0,1757.0,0.0,128.0,2660.0,662.0,1137.0,0.0,9.0,43.0,0.0,80.0,10.0,17.0,50.0,1440.0,3271.0,0.0,0.0,0.0,4.0,254.0,0.0,1538.0,194.0,2.0,189.0,0.0,1011.0,138.0,24.0,5713.0,317.0
2012,2,23.0,1324.0,3961.0,1398.0,0.0,103.0,2350.0,698.0,1005.0,0.0,17.0,28.0,0.0,105.0,11.0,14.0,52.0,1151.0,3581.0,0.0,0.0,0.0,1.0,165.0,0.0,1548.0,198.0,1.0,207.0,0.0,696.0,64.0,17.0,4887.0,270.0
2012,3,40.0,1856.0,5276.0,1638.0,0.0,105.0,3144.0,686.0,1084.0,0.0,44.0,53.0,0.0,100.0,13.0,15.0,74.0,1354.0,3542.0,0.0,0.0,0.0,3.0,212.0,0.0,1490.0,267.0,0.0,300.0,0.0,845.0,112.0,20.0,5938.0,353.0
2012,4,48.0,1626.0,4695.0,1646.0,0.0,109.0,3081.0,677.0,1083.0,0.0,62.0,41.0,0.0,99.0,15.0,23.0,53.0,1334.0,3027.0,0.0,0.0,0.0,2.0,151.0,0.0,1467.0,173.0,0.0,226.0,0.0,975.0,76.0,15.0,6191.0,286.0
2012,5,42.0,1929.0,5840.0,1924.0,0.0,130.0,3271.0,706.0,1085.0,0.0,65.0,50.0,0.0,106.0,17.0,20.0,37.0,1466.0,3068.0,0.0,2.0,0.0,3.0,185.0,0.0,1530.0,135.0,2.0,317.0,0.0,1267.0,104.0,13.0,6463.0,321.0
2012,6,44.0,1896.0,5805.0,2063.0,0.0,130.0,3502.0,658.0,1106.0,0.0,107.0,49.0,0.0,131.0,7.0,21.0,51.0,1469.0,3061.0,0.0,0.0,0.0,0.0,207.0,0.0,1494.0,210.0,1.0,258.0,0.0,1282.0,111.0,16.0,7071.0,330.0
2012,7,48.0,1929.0,5971.0,2276.0,0.0,154.0,3424.0,772.0,1128.0,0.0,103.0,50.0,0.0,122.0,17.0,21.0,42.0,1422.0,3222.0,0.0,3.0,0.0,0.0,204.0,0.0,1515.0,209.0,5.0,268.0,0.0,1332.0,97.0,18.0,7263.0,360.0
2012,8,56.0,1890.0,5376.0,2221.0,0.0,131.0,3092.0,771.0,1220.0,0.0,127.0,56.0,0.0,130.0,11.0,21.0,45.0,1346.0,2663.0,0.0,1.0,0.0,2.0,181.0,2.0,1469.0,198.0,1.0,261.0,0.0,1272.0,82.0,15.0,7027.0,374.0
2012,9,43.0,1635.0,4761.0,1992.0,0.0,107.0,2956.0,703.0,1111.0,0.0,86.0,44.0,0.0,101.0,18.0,25.0,57.0,1306.0,2611.0,0.0,0.0,1.0,3.0,157.0,1.0,1337.0,174.0,2.0,285.0,0.0,1168.0,89.0,13.0,6561.0,408.0
2012,10,29.0,1728.0,4735.0,2128.0,0.0,114.0,2927.0,700.0,1260.0,0.0,45.0,37.0,0.0,83.0,12.0,25.0,39.0,1377.0,2562.0,0.0,0.0,0.0,2.0,195.0,1.0,1463.0,189.0,2.0,277.0,0.0,1232.0,77.0,21.0,6399.0,311.0
2012,11,25.0,1404.0,4259.0,1992.0,0.0,115.0,2744.0,599.0,1270.0,0.0,37.0,39.0,0.0,92.0,9.0,15.0,43.0,1414.0,2443.0,0.0,0.0,0.0,3.0,171.0,2.0,1320.0,146.0,1.0,216.0,0.0,1211.0,62.0,19.0,6083.0,298.0
2012,12,32.0,1388.0,4148.0,1808.0,0.0,104.0,2703.0,584.0,1208.0,0.0,22.0,25.0,0.0,79.0,16.0,18.0,30.0,1413.0,2437.0,0.0,0.0,1.0,3.0,164.0,0.0,1310.0,111.0,0.0,203.0,0.0,1194.0,57.0,16.0,5866.0,279.0
2013,1,30.0,1396.0,3926.0,1584.0,0.0,133.0,2501.0,741.0,1288.0,0.0,1.0,41.0,2.0,101.0,5.0,23.0,40.0,1470.0,2939.0,0.0,0.0,0.0,2.0,279.0,0.0,1610.0,163.0,0.0,209.0,0.0,1094.0,112.0,12.0,5465.0,315.0
2013,2,21.0,1182.0,3495.0,1171.0,0.0,88.0,1874.0,656.0,1064.0,0.0,13.0,14.0,0.0,75.0,11.0,22.0,33.0,1248.0,2833.0,0.0,0.0,0.0,2.0,196.0,0.0,1465.0,147.0,0.0,210.0,0.0,731.0,73.0,6.0,4544.0,226.0
2013,3,33.0,1416.0,4374.0,1247.0,0.0,107.0,2498.0,699.0,1199.0,0.0,13.0,17.0,0.0,119.0,10.0,19.0,65.0,1090.0,3303.0,0.0,1.0,0.0,1.0,219.0,0.0,1652.0,175.0,0.0,265.0,0.0,772.0,77.0,14.0,5339.0,240.0
2013,4,30.0,1612.0,4636.0,1366.0,0.0,84.0,2717.0,713.0,1211.0,0.0,54.0,25.0,0.0,130.0,14.0,11.0,35.0,927.0,2974.0,0.0,0.0,0.0,1.0,170.0,0.0,1567.0,156.0,1.0,295.0,0.0,849.0,83.0,16.0,5562.0,287.0
2013,5,45.0,1843.0,5216.0,1563.0,0.0,112.0,2990.0,729.0,1193.0,0.0,81.0,47.0,0.0,128.0,16.0,26.0,47.0,962.0,3079.0,0.0,1.0,0.0,2.0,202.0,0.0,1599.0,177.0,1.0,366.0,0.0,976.0,102.0,13.0,6165.0,310.0
2013,6,34.0,1760.0,5464.0,1477.0,0.0,124.0,2829.0,683.0,1069.0,0.0,98.0,45.0,0.0,122.0,8.0,27.0,59.0,1039.0,2674.0,0.0,0.0,0.0,3.0,201.0,1.0,1511.0,119.0,3.0,326.0,0.0,990.0,86.0,15.0,6292.0,316.0
2013,7,40.0,1634.0,5264.0,1567.0,0.0,129.0,2840.0,680.0,1125.0,0.0,102.0,47.0,0.0,108.0,14.0,21.0,28.0,1039.0,2975.0,0.0,0.0,0.0,6.0,187.0,0.0,1620.0,151.0,1.0,291.0,0.0,1224.0,97.0,9.0,7122.0,302.0
2013,8,36.0,1610.0,5043.0,1771.0,0.0,135.0,2879.0,778.0,1143.0,0.0,81.0,51.0,0.0,129.0,15.0,26.0,29.0,1030.0,3021.0,1.0,0.0,0.0,2.0,167.0,2.0,1589.0,123.0,0.0,249.0,0.0,1110.0,107.0,12.0,7180.0,329.0
2013,9,28.0,1612.0,4723.0,1634.0,0.0,111.0,2654.0,633.0,1060.0,0.0,88.0,43.0,0.0,110.0,9.0,18.0,46.0,955.0,2647.0,0.0,0.0,0.0,2.0,190.0,1.0,1364.0,140.0,1.0,281.0,0.0,1077.0,92.0,18.0,6529.0,269.0
2013,10,22.0,1511.0,4453.0,1599.0,0.0,111.0,2629.0,680.0,1109.0,0.0,55.0,33.0,0.0,86.0,12.0,12.0,29.0,928.0,2721.0,1.0,0.0,0.0,1.0,187.0,0.0,1357.0,112.0,0.0,287.0,0.0,994.0,91.0,12.0,6205.0,232.0
2013,11,21.0,1254.0,3769.0,1478.0,0.0,103.0,2380.0,614.0,1219.0,0.0,9.0,28.0,0.0,79.0,8.0,23.0,34.0,890.0,2732.0,1.0,1.0,0.0,2.0,188.0,0.0,1382.0,146.0,2.0,186.0,0.0,928.0,60.0,14.0,5808.0,202.0
2013,12,24.0,1142.0,3640.0,1438.0,0.0,82.0,2062.0,530.0,1137.0,0.0,1.0,38.0,0.0,94.0,12.0,14.0,20.0,1004.0,2229.0,0.0,1.0,0.0,1.0,209.0,1.0,1279.0,43.0,1.0,170.0,0.0,1075.0,55.0,13.0,5320.0,218.0
2014,1,22.0,1037.0,3336.0,1137.0,0.0,112.0,1790.0,576.0,1300.0,0.0,1.0,20.0,0.0,90.0,10.0,20.0,32.0,817.0,2224.0,0.0,0.0,0.0,0.0,287.0,0.0,1420.0,69.0,0.0,169.0,0.0,798.0,89.0,7.0,4448.0,201.0
2014,2,27.0,1022.0,3175.0,889.0,1.0,73.0,1595.0,536.0,1102.0,0.0,2.0,21.0,0.0,84.0,4.0,15.0,25.0,682.0,2356.0,0.0,0.0,1.0,1.0,161.0,2.0,1182.0,120.0,1.0,164.0,0.0,556.0,56.0,6.0,4017.0,146.0
2014,3,26.0,1388.0,3976.0,1054.0,2.0,98.0,2207.0,703.0,1595.0,0.0,12.0,23.0,0.0,92.0,12.0,22.0,25.0,910.0,2644.0,0.0,0.0,0.0,5.0,220.0,1.0,1402.0,97.0,2.0,230.0,0.0,624.0,64.0,9.0,4515.0,224.0
2014,4,32.0,1407.0,4187.0,1124.0,2.0,111.0,2430.0,643.0,1394.0,0.0,36.0,37.0,0.0,112.0,5.0,12.0,31.0,702.0,2633.0,1.0,0.0,0.0,3.0,195.0,1.0,1501.0,142.0,3.0,238.0,0.0,726.0,83.0,10.0,4836.0,273.0
2014,5,45.0,1669.0,4804.0,1206.0,1.0,108.0,2564.0,648.0,1259.0,0.0,41.0,41.0,0.0,131.0,10.0,20.0,50.0,728.0,2640.0,1.0,0.0,0.0,4.0,204.0,1.0,1606.0,125.0,0.0,302.0,0.0,835.0,98.0,11.0,5352.0,354.0
2014,6,42.0,1660.0,4821.0,1244.0,1.0,135.0,2489.0,682.0,1372.0,0.0,62.0,37.0,1.0,140.0,12.0,22.0,41.0,906.0,2443.0,2.0,0.0,0.0,4.0,231.0,1.0,1520.0,131.0,0.0,283.0,0.0,859.0,110.0,12.0,5839.0,327.0
2014,7,54.0,1631.0,4773.0,1397.0,2.0,111.0,2672.0,708.0,1337.0,0.0,61.0,38.0,0.0,158.0,11.0,20.0,31.0,914.0,2772.0,2.0,4.0,0.0,4.0,162.0,1.0,1504.0,183.0,0.0,300.0,0.0,927.0,80.0,16.0,6336.0,341.0
2014,8,33.0,1616.0,4747.0,1384.0,0.0,144.0,2645.0,674.0,1369.0,0.0,69.0,48.0,0.0,167.0,15.0,22.0,48.0,865.0,2644.0,2.0,3.0,0.0,0.0,213.0,1.0,1526.0,197.0,2.0,279.0,0.0,883.0,105.0,16.0,5885.0,274.0
2014,9,28.0,1573.0,4236.0,1300.0,2.0,123.0,2389.0,606.0,1324.0,0.0,53.0,46.0,0.0,138.0,14.0,21.0,25.0,858.0,2387.0,2.0,3.0,0.0,2.0,178.0,0.0,1394.0,163.0,0.0,288.0,0.0,872.0,91.0,19.0,5485.0,265.0
2014,10,28.0,1504.0,4068.0,1358.0,3.0,116.0,2496.0,678.0,1284.0,0.0,41.0,37.0,0.0,110.0,9.0,20.0,47.0,922.0,2383.0,0.0,4.0,0.0,3.0,190.0,1.0,1352.0,142.0,0.0,298.0,0.0,960.0,94.0,12.0,5562.0,265.0
2014,11,38.0,1160.0,3675.0,1135.0,0.0,126.0,2262.0,556.0,1171.0,0.0,11.0,39.0,0.0,97.0,5.0,13.0,25.0,848.0,2133.0,0.0,2.0,0.0,5.0,177.0,1.0,1301.0,149.0,1.0,198.0,0.0,795.0,63.0,9.0,4540.0,223.0
2014,12,22.0,1236.0,3651.0,1341.0,1.0,101.0,2259.0,529.0,1303.0,0.0,4.0,39.0,1.0,80.0,8.0,13.0,17.0,760.0,1859.0,0.0,1.0,0.0,7.0,203.0,0.0,1276.0,108.0,1.0,154.0,0.0,964.0,55.0,13.0,4750.0,220.0
2015,1,17.0,1221.0,3537.0,1065.0,0.0,154.0,1923.0,577.0,1325.0,0.0,5.0,30.0,3.0,112.0,8.0,15.0,21.0,826.0,2339.0,1.0,1.0,0.0,6.0,295.0,0.0,1479.0,182.0,1.0,180.0,0.0,798.0,99.0,17.0,4405.0,251.0
2015,2,20.0,1082.0,2912.0,663.0,1.0,77.0,1504.0,438.0,1307.0,0.0,2.0,20.0,0.0,109.0,8.0,14.0,19.0,627.0,1971.0,1.0,1.0,0.0,3.0,179.0,1.0,1224.0,119.0,1.0,137.0,0.0,456.0,52.0,7.0,3228.0,187.0
2015,3,41.0,1437.0,4135.0,847.0,3.0,103.0,2238.0,583.0,1431.0,0.0,24.0,35.0,0.0,113.0,15.0,19.0,31.0,784.0,2462.0,0.0,0.0,0.0,3.0,201.0,0.0,1485.0,109.0,1.0,249.0,0.0,617.0,74.0,17.0,4274.0,327.0
2015,4,42.0,1396.0,4116.0,921.0,2.0,100.0,2465.0,576.0,1479.0,0.0,33.0,36.0,1.0,90.0,8.0,14.0,28.0,725.0,2091.0,0.0,0.0,0.0,6.0,186.0,1.0,1482.0,104.0,1.0,228.0,0.0,678.0,66.0,14.0,4527.0,291.0
2015,5,41.0,1676.0,4892.0,1075.0,6.0,109.0,2600.0,559.0,1308.0,0.0,42.0,50.0,0.0,116.0,11.0,14.0,22.0,851.0,1976.0,3.0,0.0,0.0,9.0,187.0,0.0,1679.0,155.0,1.0,222.0,0.0,730.0,93.0,17.0,4941.0,298.0
2015,6,39.0,1589.0,4578.0,1130.0,6.0,151.0,2463.0,607.0,1300.0,0.0,35.0,49.0,2.0,129.0,10.0,8.0,33.0,908.0,1843.0,7.0,1.0,0.0,2.0,207.0,1.0,1488.0,129.0,1.0,241.0,0.0,768.0,99.0,10.0,5015.0,314.0
2015,7,51.0,1593.0,4574.0,1157.0,4.0,126.0,2821.0,542.0,1373.0,0.0,42.0,57.0,2.0,109.0,10.0,15.0,25.0,892.0,1928.0,0.0,1.0,0.0,1.0,198.0,1.0,1568.0,101.0,2.0,219.0,0.0,916.0,95.0,14.0,5398.0,370.0
2015,8,40.0,1597.0,4625.0,1250.0,0.0,130.0,2685.0,578.0,1370.0,0.0,64.0,55.0,1.0,134.0,15.0,21.0,37.0,968.0,2098.0,2.0,2.0,0.0,2.0,176.0,0.0,1617.0,131.0,0.0,204.0,0.0,930.0,97.0,13.0,5627.0,322.0
2015,9,39.0,1530.0,4270.0,1181.0,3.0,133.0,2516.0,487.0,1325.0,0.0,41.0,65.0,2.0,115.0,10.0,17.0,26.0,864.0,2047.0,3.0,1.0,0.0,4.0,173.0,1.0,1406.0,75.0,1.0,217.0,0.0,931.0,99.0,17.0,5179.0,315.0
2015,10,46.0,1425.0,4039.0,1301.0,5.0,119.0,2593.0,525.0,1360.0,0.0,14.0,32.0,2.0,109.0,13.0,16.0,25.0,842.0,2103.0,1.0,3.0,0.0,4.0,188.0,0.0,1519.0,88.0,1.0,211.0,0.0,956.0,89.0,9.0,5154.0,276.0
2015,11,45.0,1252.0,3553.0,1218.0,2.0,104.0,2388.0,488.0,1249.0,0.0,6.0,39.0,0.0,103.0,4.0,18.0,15.0,864.0,1780.0,1.0,3.0,0.0,5.0,162.0,0.0,1321.0,64.0,2.0,169.0,0.0,819.0,75.0,11.0,4565.0,241.0
2015,12,32.0,1247.0,3687.0,1375.0,2.0,103.0,2479.0,441.0,1390.0,0.0,2.0,34.0,0.0,69.0,11.0,19.0,10.0,917.0,1297.0,1.0,3.0,0.0,3.0,186.0,0.0,1291.0,65.0,2.0,145.0,0.0,1039.0,70.0,9.0,5027.0,172.0
2016,1,42.0,1226.0,3727.0,1182.0,1.0,117.0,2374.0,462.0,1615.0,0.0,3.0,54.0,0.0,46.0,10.0,23.0,25.0,983.0,1145.0,1.0,2.0,1.0,8.0,267.0,1.0,1342.0,69.0,0.0,106.0,0.0,1041.0,115.0,9.0,4486.0,192.0
2016,2,31.0,1241.0,3497.0,842.0,4.0,107.0,2089.0,438.0,1515.0,0.0,4.0,47.0,1.0,44.0,8.0,10.0,17.0,835.0,1300.0,4.0,5.0,0.0,3.0,172.0,0.0,1315.0,70.0,1.0,111.0,0.0,702.0,77.0,7.0,4005.0,214.0
2016,3,41.0,1641.0,4277.0,1048.0,2.0,133.0,2538.0,500.0,1573.0,0.0,14.0,45.0,1.0,85.0,9.0,15.0,27.0,781.0,1471.0,0.0,7.0,0.0,4.0,224.0,0.0,1579.0,58.0,0.0,141.0,0.0,785.0,65.0,11.0,4661.0,289.0
2016,4,46.0,1508.0,4030.0,946.0,2.0,121.0,2392.0,505.0,1553.0,0.0,23.0,40.0,1.0,91.0,9.0,19.0,26.0,757.0,1455.0,0.0,2.0,0.0,3.0,207.0,0.0,1421.0,113.0,0.0,142.0,0.0,771.0,63.0,11.0,4594.0,284.0
2016,5,55.0,1789.0,4714.0,1106.0,1.0,144.0,2733.0,585.0,1453.0,0.0,21.0,69.0,1.0,90.0,12.0,14.0,17.0,823.0,1401.0,0.0,3.0,0.0,4.0,216.0,0.0,1582.0,70.0,3.0,164.0,0.0,961.0,78.0,14.0,5045.0,342.0
2016,6,41.0,1817.0,4849.0,1080.0,4.0,156.0,2641.0,590.0,1689.0,0.0,25.0,80.0,0.0,109.0,13.0,26.0,24.0,932.0,1278.0,0.0,5.0,0.0,3.0,215.0,2.0,1511.0,57.0,2.0,165.0,0.0,905.0,98.0,18.0,5359.0,348.0
2016,7,47.0,1712.0,4688.0,1349.0,3.0,161.0,2987.0,568.0,1516.0,0.0,29.0,70.0,1.0,73.0,10.0,15.0,18.0,1038.0,1244.0,0.0,1.0,0.0,2.0,179.0,0.0,1513.0,80.0,0.0,154.0,0.0,1128.0,112.0,16.0,5820.0,303.0
2016,8,46.0,1761.0,4586.0,1372.0,7.0,148.0,2974.0,577.0,1686.0,0.0,28.0,96.0,2.0,79.0,15.0,22.0,17.0,1029.0,861.0,0.0,5.0,0.0,2.0,195.0,0.0,1508.0,71.0,3.0,124.0,0.0,1238.0,92.0,11.0,6006.0,321.0
2016,9,45.0,1694.0,4315.0,1371.0,2.0,125.0,2850.0,579.0,1609.0,0.0,24.0,65.0,3.0,84.0,11.0,17.0,17.0,979.0,896.0,0.0,7.0,0.0,3.0,184.0,0.0,1353.0,75.0,1.0,127.0,0.0,1028.0,99.0,26.0,5736.0,334.0
2016,10,51.0,1667.0,4340.0,1314.0,4.0,150.0,2758.0,552.0,1689.0,0.0,12.0,83.0,1.0,97.0,11.0,15.0,26.0,1010.0,762.0,0.0,5.0,0.0,10.0,190.0,0.0,1487.0,61.0,0.0,161.0,0.0,1149.0,85.0,17.0,5723.0,294.0
2016,11,34.0,1423.0,3822.0,1376.0,2.0,121.0,2580.0,485.0,1470.0,0.0,6.0,80.0,0.0,78.0,14.0,15.0,5.0,1016.0,777.0,0.0,4.0,0.0,5.0,145.0,0.0,1303.0,64.0,0.0,116.0,0.0,1163.0,59.0,17.0,5257.0,286.0
2016,12,37.0,1262.0,3445.0,1301.0,4.0,94.0,2102.0,465.0,1699.0,0.0,0.0,59.0,0.0,60.0,13.0,11.0,8.0,1110.0,724.0,0.0,3.0,0.0,4.0,146.0,1.0,1384.0,12.0,0.0,96.0,0.0,1089.0,55.0,19.0,4922.0,244.0
2017,1,38.0,1373.0,3568.0,1274.0,7.0,153.0,2424.0,573.0,1771.0,0.0,1.0,55.0,1.0,84.0,9.0,8.0,10.0,1174.0,982.0,0.0,3.0,0.0,3.0,304.0,0.0,1567.0,86.0,1.0,123.0,0.0,1075.0,99.0,17.0,4955.0,336.0
2017,2,40.0,1295.0,3414.0,1012.0,3.0,123.0,2048.0,527.0,1512.0,0.0,9.0,50.0,0.0,85.0,15.0,13.0,22.0,879.0,955.0,0.0,1.0,1.0,4.0,125.0,0.0,1390.0,52.0,1.0,99.0,0.0,787.0,72.0,18.0,4397.0,331.0
2017,3,27.0,1486.0,3858.0,931.0,4.0,106.0,2238.0,548.0,1621.0,0.0,4.0,42.0,4.0,81.0,14.0,18.0,27.0,801.0,1126.0,0.0,1.0,1.0,10.0,178.0,1.0,1521.0,68.0,0.0,126.0,0.0,783.0,78.0,19.0,4501.0,307.0
2017,4,47.0,1638.0,4101.0,968.0,5.0,146.0,2451.0,548.0,1537.0,0.0,21.0,49.0,0.0,98.0,11.0,15.0,7.0,837.0,1042.0,0.0,1.0,0.0,5.0,176.0,0.0,1581.0,88.0,1.0,129.0,0.0,851.0,78.0,25.0,4803.0,406.0
2017,5,38.0,1853.0,4563.0,1061.0,6.0,133.0,2518.0,631.0,1550.0,0.0,20.0,57.0,1.0,105.0,8.0,19.0,20.0,831.0,1116.0,0.0,3.0,0.0,8.0,214.0,0.0,1633.0,74.0,3.0,153.0,0.0,903.0,90.0,13.0,5336.0,397.0
2017,6,46.0,1857.0,4651.0,1090.0,3.0,119.0,2582.0,617.0,1581.0,0.0,30.0,86.0,0.0,97.0,15.0,16.0,20.0,1013.0,865.0,0.0,6.0,0.0,6.0,188.0,0.0,1414.0,76.0,0.0,126.0,0.0,982.0,91.0,14.0,5792.0,442.0
2017,7,34.0,1821.0,4701.0,1206.0,6.0,163.0,2745.0,622.0,1621.0,0.0,21.0,76.0,0.0,107.0,13.0,23.0,28.0,992.0,1002.0,0.0,4.0,0.0,6.0,169.0,2.0,1531.0,61.0,0.0,148.0,0.0,1004.0,101.0,21.0,6089.0,519.0
2017,8,43.0,1739.0,4424.0,1152.0,8.0,160.0,2685.0,598.0,1627.0,0.0,34.0,58.0,1.0,104.0,16.0,13.0,19.0,952.0,993.0,0.0,4.0,0.0,4.0,197.0,2.0,1456.0,81.0,0.0,145.0,0.0,1174.0,78.0,16.0,6461.0,456.0
2017,9,33.0,1786.0,4396.0,1040.0,6.0,145.0,2414.0,539.0,1624.0,0.0,23.0,61.0,1.0,86.0,16.0,22.0,13.0,915.0,1027.0,0.0,1.0,0.0,7.0,186.0,1.0,1259.0,23.0,1.0,131.0,0.0,1002.0,93.0,20.0,5524.0,418.0
2017,10,39.0,1628.0,4168.0,1198.0,9.0,148.0,2439.0,572.0,1622.0,0.0,17.0,60.0,2.0,89.0,11.0,11.0,7.0,983.0,845.0,0.0,4.0,0.0,20.0,190.0,0.0,1345.0,25.0,1.0,129.0,0.0,1119.0,78.0,11.0,5733.0,389.0
2017,11,38.0,1454.0,3723.0,1083.0,6.0,126.0,2335.0,533.0,1558.0,0.0,9.0,41.0,0.0,72.0,9.0,16.0,9.0,937.0,924.0,0.0,7.0,0.0,6.0,166.0,5.0,1292.0,64.0,0.0,105.0,0.0,1128.0,92.0,10.0,5383.0,337.0
2017,12,21.0,1374.0,3660.0,983.0,6.0,120.0,2165.0,507.0,1726.0,0.0,2.0,39.0,0.0,79.0,14.0,16.0,9.0,1070.0,789.0,0.0,2.0,0.0,7.0,200.0,0.0,1259.0,37.0,2.0,84.0,0.0,1072.0,79.0,7.0,5394.0,348.0
2018,1,26.0,1416.0,3588.0,952.0,4.0,113.0,1930.0,578.0,1591.0,0.0,5.0,43.0,2.0,86.0,5.0,16.0,23.0,1006.0,1083.0,0.0,4.0,0.0,10.0,242.0,0.0,1330.0,31.0,0.0,89.0,0.0,898.0,75.0,16.0,4849.0,410.0
2018,2,14.0,1355.0,3200.0,698.0,6.0,115.0,1672.0,548.0,1464.0,0.0,1.0,43.0,1.0,93.0,9.0,14.0,9.0,626.0,995.0,0.0,3.0,0.0,9.0,161.0,0.0,1262.0,20.0,0.0,78.0,0.0,636.0,69.0,14.0,3896.0,306.0
2018,3,32.0,1619.0,3958.0,822.0,9.0,117.0,2337.0,586.0,1678.0,0.0,8.0,34.0,2.0,119.0,13.0,14.0,23.0,736.0,1282.0,0.0,2.0,0.0,10.0,189.0,0.0,1471.0,38.0,0.0,119.0,0.0,738.0,89.0,15.0,4750.0,393.0
2018,4,27.0,1641.0,3801.0,942.0,11.0,118.0,2240.0,586.0,1579.0,0.0,10.0,43.0,0.0,106.0,8.0,12.0,20.0,751.0,1100.0,0.0,4.0,1.0,2.0,192.0,0.0,1507.0,101.0,1.0,115.0,0.0,693.0,85.0,17.0,4995.0,399.0
2018,5,33.0,2036.0,4978.0,974.0,15.0,149.0,2670.0,599.0,1696.0,0.0,23.0,54.0,0.0,123.0,14.0,17.0,32.0,831.0,1177.0,0.0,2.0,0.0,8.0,205.0,0.0,1603.0,95.0,2.0,124.0,0.0,802.0,121.0,24.0,5735.0,542.0
2018,6,36.0,1880.0,4640.0,1064.0,14.0,152.0,2589.0,591.0,1636.0,0.0,34.0,57.0,0.0,115.0,14.0,18.0,26.0,816.0,1080.0,0.0,2.0,0.0,3.0,207.0,0.0,1511.0,65.0,4.0,137.0,0.0,857.0,88.0,18.0,6038.0,499.0
2018,7,41.0,1943.0,4883.0,1140.0,13.0,155.0,2726.0,597.0,1735.0,0.0,42.0,63.0,0.0,132.0,24.0,13.0,32.0,858.0,1189.0,0.0,3.0,1.0,14.0,174.0,0.0,1572.0,46.0,1.0,116.0,0.0,876.0,88.0,27.0,6167.0,550.0
2018,8,38.0,1849.0,4613.0,1213.0,17.0,153.0,2636.0,598.0,1753.0,0.0,39.0,58.0,1.0,127.0,19.0,15.0,25.0,927.0,1228.0,0.0,3.0,1.0,7.0,176.0,0.0,1501.0,74.0,1.0,121.0,0.0,942.0,126.0,15.0,6528.0,561.0
2018,9,32.0,1814.0,4351.0,1052.0,20.0,160.0,2287.0,606.0,1540.0,0.0,18.0,55.0,3.0,116.0,14.0,12.0,28.0,906.0,1153.0,0.0,4.0,0.0,8.0,187.0,0.0,1321.0,69.0,1.0,112.0,0.0,768.0,116.0,12.0,5785.0,487.0
2018,10,36.0,1717.0,4302.0,1004.0,19.0,149.0,2521.0,562.0,1575.0,0.0,13.0,59.0,1.0,104.0,19.0,7.0,21.0,794.0,1047.0,0.0,4.0,0.0,7.0,207.0,0.0,1385.0,48.0,1.0,112.0,0.0,837.0,112.0,15.0,5666.0,452.0
2018,11,26.0,1542.0,3638.0,913.0,9.0,140.0,1969.0,501.0,1476.0,0.0,6.0,47.0,0.0,88.0,15.0,16.0,20.0,817.0,1157.0,0.0,3.0,0.0,2.0,171.0,1.0,1429.0,85.0,2.0,104.0,0.0,787.0,85.0,16.0,5156.0,407.0
2018,12,32.0,1590.0,3858.0,971.0,12.0,131.0,2245.0,555.0,1646.0,0.0,2.0,44.0,2.0,97.0,15.0,17.0,9.0,916.0,1003.0,0.0,2.0,0.0,6.0,170.0,0.0,1344.0,46.0,1.0,144.0,0.0,845.0,82.0,18.0,5687.0,450.0
2019,1,22.0,1458.0,3518.0,797.0,12.0,146.0,1794.0,563.0,1518.0,0.0,4.0,23.0,3.0,94.0,21.0,8.0,21.0,707.0,1330.0,0.0,1.0,0.0,3.0,184.0,0.0,1425.0,64.0,0.0,88.0,0.0,658.0,90.0,19.0,4554.0,447.0
2019,2,29.0,1420.0,3342.0,671.0,12.0,106.0,1717.0,497.0,1340.0,0.0,2.0,25.0,0.0,110.0,10.0,14.0,9.0,655.0,1257.0,0.0,0.0,0.0,4.0,185.0,0.0,1399.0,37.0,0.0,109.0,0.0,497.0,102.0,21.0,4383.0,377.0
2019,3,28.0,1666.0,4058.0,677.0,14.0,122.0,2026.0,515.0,1514.0,0.0,5.0,36.0,1.0,100.0,10.0,18.0,17.0,717.0,1391.0,0.0,0.0,0.0,7.0,196.0,0.0,1448.0,47.0,0.0,139.0,0.0,508.0,100.0,24.0,4474.0,496.0
2019,4,31.0,1733.0,3974.0,700.0,20.0,122.0,2276.0,562.0,1504.0,0.0,3.0,60.0,1.0,112.0,18.0,13.0,13.0,771.0,1230.0,0.0,1.0,0.0,1.0,240.0,1.0,1449.0,45.0,0.0,155.0,0.0,599.0,80.0,10.0,4648.0,522.0
2019,5,25.0,2042.0,4757.0,813.0,23.0,156.0,2498.0,645.0,1563.0,0.0,14.0,54.0,0.0,164.0,12.0,21.0,14.0,764.0,1129.0,0.0,0.0,0.0,6.0,242.0,2.0,1556.0,69.0,3.0,152.0,0.0,632.0,123.0,17.0,5384.0,613.0
2019,6,29.0,2002.0,4746.0,788.0,17.0,127.0,2528.0,579.0,1480.0,0.0,28.0,52.0,1.0,144.0,10.0,13.0,23.0,772.0,1125.0,0.0,0.0,0.0,8.0,172.0,0.0,1470.0,45.0,0.0,140.0,0.0,767.0,107.0,23.0,5645.0,565.0
2019,7,46.0,1930.0,4869.0,927.0,21.0,173.0,2597.0,626.0,1618.0,0.0,13.0,44.0,1.0,183.0,17.0,21.0,36.0,884.0,1204.0,0.0,0.0,0.0,4.0,170.0,0.0,1472.0,100.0,1.0,146.0,0.0,776.0,124.0,25.0,5988.0,669.0
2019,8,36.0,1831.0,4551.0,902.0,22.0,151.0,2567.0,590.0,1609.0,0.0,31.0,51.0,3.0,183.0,17.0,10.0,29.0,843.0,1270.0,0.0,0.0,0.0,3.0,178.0,1.0,1330.0,80.0,1.0,121.0,0.0,769.0,114.0,19.0,6155.0,650.0
2019,9,29.0,1789.0,4317.0,871.0,34.0,144.0,2366.0,610.0,1466.0,0.0,24.0,50.0,0.0,136.0,19.0,13.0,25.0,679.0,1102.0,0.0,1.0,0.0,4.0,181.0,0.0,1340.0,30.0,2.0,155.0,0.0,688.0,118.0,21.0,5434.0,550.0
2019,10,32.0,1724.0,3861.0,861.0,15.0,129.0,2319.0,578.0,1504.0,0.0,12.0,41.0,1.0,107.0,13.0,4.0,18.0,722.0,1094.0,0.0,0.0,0.0,5.0,187.0,0.0,1375.0,47.0,3.0,128.0,0.0,685.0,105.0,11.0,5369.0,478.0
2019,11,32.0,1469.0,3658.0,789.0,11.0,106.0,1982.0,542.0,1498.0,0.0,4.0,34.0,1.0,103.0,8.0,20.0,19.0,692.0,1028.0,0.0,1.0,0.0,8.0,176.0,3.0,1190.0,66.0,0.0,102.0,0.0,667.0,110.0,20.0,4847.0,452.0
2019,12,36.0,1533.0,3804.0,825.0,16.0,113.0,1983.0,509.0,1395.0,0.0,2.0,34.0,0.0,110.0,8.0,18.0,6.0,770.0,926.0,0.0,0.0,0.0,5.0,176.0,1.0,1182.0,50.0,1.0,83.0,0.0,741.0,101.0,12.0,5408.0,504.0
2020,1,25.0,1507.0,3576.0,730.0,15.0,127.0,1768.0,573.0,1259.0,0.0,2.0,36.0,0.0,121.0,9.0,15.0,15.0,668.0,1186.0,0.0,0.0,0.0,7.0,206.0,2.0,1384.0,38.0,0.0,106.0,0.0,732.0,100.0,13.0,4503.0,489.0
2020,2,18.0,699.0,1736.0,330.0,8.0,62.0,890.0,264.0,522.0,0.0,0.0,19.0,0.0,55.0,10.0,9.0,8.0,338.0,521.0,0.0,0.0,0.0,1.0,115.0,0.0,609.0,12.0,2.0,43.0,0.0,341.0,43.0,3.0,2112.0,219.0
